hypotonic_solution,domain_concept
solid,domain_concept
solve,domain_concept
substitution,domain_concept
syntax,domain_concept
system_architecture,domain_concept
system_development,domain_concept
high_concentration,domain_concept
atomic_number,domain_concept
physical,domain_concept
atomic,domain_concept
battery,domain_concept
concentration,domain_concept
condition,domain_concept
conductor,domain_concept
configuration_mass,domain_concept
constant_number,domain_concept
constraints,domain_concept
container,domain_concept
convert_amu,domain_concept
design,domain_concept
designing_code,domain_concept
drive,domain_concept
equalize,domain_concept
facilitated,domain_concept
facilitator,domain_concept
find_mass,domain_concept
find_number,domain_concept
gt,domain_concept
sulfuric_acid,domain_concept
water,domain_concept
high_concentration,domain_concept
hypertonic,domain_concept
hypotonic,domain_concept
if_then_else,domain_concept
interface,domain_concept
lithium,domain_concept
motor,domain_concept
mv,domain_concept
oppose_force,domain_concept
passing,domain_concept
periodic_table,domain_concept
permeable,domain_concept
permeable_membrane,domain_concept
red_cell,domain_concept
redundancy,domain_concept
require_energy,domain_concept
section_of_gene,domain_concept
semipermeable,domain_concept
semipermeable_membrane,domain_concept
sodium,domain_concept
sodium_atom,domain_concept
solute,domain_concept
solution,domain_concept
solution_increase,domain_concept
solvent,domain_concept
solvent_increase,domain_concept
stp,domain_concept
surface,domain_concept
temperature,domain_concept
temperature_gradient,domain_concept
titration,domain_concept
transformation,domain_concept
transformer,domain_concept
transport,domain_concept
wall,domain_concept
weight,domain_concept
white_cell,domain_concept
rock,general_concept
8th_grade,general_concept
a_level,general_concept
ability,general_concept
abstraction,general_concept
abundance,general_concept
access,general_concept
accuracy,general_concept
acoustic_principle,general_concept
acting,general_concept
active,general_concept
activity,general_concept
adapter,general_concept
add,general_concept
advancement,general_concept
advantage,general_concept
afreeing,general_concept
alien_knowledge,general_concept
amazing,general_concept
amazon_search,general_concept
analysis,general_concept
analytics,general_concept
annotation,general_concept
answer,general_concept
appearance,general_concept
apple,general_concept
application,general_concept
applied_sciences,general_concept
appreciate,general_concept
approach,general_concept
appropriate,general_concept
architecture,general_concept
area,general_concept
arithmetic,general_concept
artefact,general_concept
articulation,general_concept
artificial_intelligence,general_concept
arts,general_concept
asking,general_concept
assessment,general_concept
assignment,general_concept
assumption,general_concept
asynchronous,general_concept
at_school,general_concept
attached,general_concept
attendee,general_concept
attention,general_concept
attracting,general_concept
attracts_attention,general_concept
audio,general_concept
audio_missed,general_concept
author,general_concept
automated,general_concept
average,general_concept
avocado,general_concept
avocado_number,general_concept
awareness,general_concept
awesome,general_concept
awesome_video,general_concept
bad,general_concept
bad_explanation,general_concept
bad_performance,general_concept
bad_quality,general_concept
ball,general_concept
baroque,general_concept
barrier,general_concept
basis,general_concept
bee,general_concept
benefit,general_concept
big,general_concept
bitch,general_concept
bite,general_concept
bless,general_concept
block,general_concept
blog,general_concept
blue,general_concept
bluetooth,general_concept
body,general_concept
bolt,general_concept
book,general_concept
boring,general_concept
box,general_concept
boy,general_concept
brain,general_concept
brilliant,general_concept
broadcasting,general_concept
breaking,general_concept
bubble,general_concept
bunch,general_concept
camera,general_concept
cant_post,general_concept
cant_remember,general_concept
car,general_concept
case,general_concept
causal,general_concept
causal_reasoning,general_concept
challenge,general_concept
change,general_concept
chance,general_concept
channel,general_concept
chaotic,general_concept
characteristic,general_concept
chemistry_class,general_concept
chemistry_studies,general_concept
chemistry_teacher,general_concept
chemistry_test,general_concept
chinese,general_concept
choice,general_concept
chord,general_concept
circle,general_concept
clarity,general_concept
class,general_concept
classroom,general_concept
classroom_situation,general_concept
clear,general_concept
close,general_concept
clustering,general_concept
cm,general_concept
coefficient,general_concept
cognitive_construals,general_concept
coincidence,general_concept
collaboration,general_concept
collaborative_learning,general_concept
collaborative_lesson,general_concept
collaborative_reflection_platforms,general_concept
collection,general_concept
college,general_concept
combination,general_concept
comment,general_concept
communal_room,general_concept
communication,general_concept
community,general_concept
comparison,general_concept
complementary,general_concept
complete,general_concept
complex,general_concept
complicated,general_concept
component,general_concept
concept,general_concept
concept_identification,general_concept
concept_map,general_concept
conceptual_knowledge,general_concept
conceptual_learning,general_concept
conceptually_difficult_knowledge,general_concept
confident,general_concept
confused_by_terminology,general_concept
connection,general_concept
consider,general_concept
consist,general_concept
consolidation,general_concept
consortium,general_concept
construction,general_concept
content,general_concept
context,general_concept
contribution,general_concept
control,general_concept
convenient,general_concept
conversation,general_concept
conversion,general_concept
cooking,general_concept
cool,general_concept
correct,general_concept
correct_mistake,general_concept
costume,general_concept
count,general_concept
couple,general_concept
course,general_concept
creation,general_concept
creativity,general_concept
crosssituational_learning,general_concept
cultural_resource,general_concept
cultural_studies,general_concept
culture,general_concept
curiosity,general_concept
damn,general_concept
dance_performance,general_concept
data,general_concept
day,general_concept
deal,general_concept
debriefing,general_concept
debugging,general_concept
decision,general_concept
decision_making,general_concept
declaring,general_concept
declaring_variable,general_concept
depth,general_concept
denotion,general_concept
deserving,general_concept
detail,general_concept
determination,general_concept
development,general_concept
device,general_concept
dont_mention,general_concept
difficult,general_concept
direction,general_concept
discipline,general_concept
discursive,general_concept
discussion,general_concept
disliking,general_concept
display,general_concept
distribution,general_concept
diversity,general_concept
divide,general_concept
djing,general_concept
document,general_concept
domain,general_concept
dont_worry,general_concept
door,general_concept
doubt,general_concept
downside,general_concept
dozen_egg,general_concept
drawing,general_concept
drop,general_concept
dude,general_concept
dynalearn,general_concept
dynamic,general_concept
dynamic_missed,general_concept
dynamo,general_concept
e_assessment,general_concept
e_portfolio,general_concept
earth,general_concept
easy,general_concept
econometric,general_concept
economic_social_council,general_concept
economics,general_concept
edit,general_concept
editor,general_concept
education,general_concept
effect,general_concept
egg,general_concept
elaborated,general_concept
email,general_concept
embedding,general_concept
emergent_conceptual_understanding_issue,general_concept
empty,general_concept
encourage,general_concept
engagement,general_concept
english,general_concept
english_heritage,general_concept
enjoy,general_concept
entertaining,general_concept
environment,general_concept
epic,general_concept
epistemological,general_concept
equivalent,general_concept
error,general_concept
essential_concept,general_concept
essentialist_thinking,general_concept
estimate,general_concept
ethnographical,general_concept
etl,general_concept
eu,general_concept
eu_initiative,general_concept
europe,general_concept
everyday_use,general_concept
exam_day,general_concept
exchange,general_concept
exist,general_concept
experience,general_concept
experiment,general_concept
expert,general_concept
explanation_missed,general_concept
exploration,general_concept
expression,general_concept
external,general_concept
eye,general_concept
face_to_face,general_concept
facilitation,general_concept
fact,general_concept
factor,general_concept
fadein,general_concept
fadeout,general_concept
feature,general_concept
figure,general_concept
fill,general_concept
final,general_concept
find,general_concept
flawed_preknowledge,general_concept
flickr,general_concept
focus,general_concept
follow,general_concept
foreign_language,general_concept
form,general_concept
format,general_concept
formula,general_concept
forum,general_concept
frame,general_concept
framework,general_concept
freak,general_concept
free,general_concept
friend,general_concept
front,general_concept
function,general_concept
funny,general_concept
fusion,general_concept
gamelan_orchestra,general_concept
gap,general_concept
gathering,general_concept
geography,general_concept
german,general_concept
Germany,general_concept
gesture,general_concept
giggling,general_concept
girl,general_concept
glass_cube,general_concept
go,general_concept
goal,general_concept
god,general_concept
gold,general_concept
good,general_concept
good_animation,general_concept
good_assembly,general_concept
good_at,general_concept
good_audio,general_concept
good_combination,general_concept
good_design,general_concept
good_edit,general_concept
good_example,general_concept
good_explanation,general_concept
good_imitation,general_concept
good_job,general_concept
good_learning,general_concept
good_performance,general_concept
good_quality,general_concept
good_structure,general_concept
good_teacher,general_concept
good_tempo,general_concept
good_video,general_concept
good_work,general_concept
google,general_concept
government,general_concept
grade,general_concept
grape,general_concept
growth,general_concept
guacamole,general_concept
guide,general_concept
guy,general_concept
hair,general_concept
half,general_concept
hand,general_concept
handwriting,general_concept
happen,general_concept
hard,general_concept
hard_time,general_concept
harder,general_concept
head,general_concept
head_of_science,general_concept
head_of_technology,general_concept
hear,general_concept
heavy,general_concept
help,general_concept
high_school,general_concept
hill,general_concept
hole,general_concept
homework,general_concept
honeypot,general_concept
hope,general_concept
hope_it_helps,general_concept
hoping,general_concept
hour,general_concept
http,general_concept
huge,general_concept
human_like,general_concept
hypothesis,general_concept
i_hate,general_concept
i_know,general_concept
i_love,general_concept
idea,general_concept
ideal,general_concept
identification,general_concept
identity,general_concept
ignore,general_concept
illegible,general_concept
image,general_concept
images_missed,general_concept
images_too_fast,general_concept
images_too_slow,general_concept
i_movie,general_concept
impact,general_concept
import,general_concept
impossible,general_concept
include,general_concept
income_level,general_concept
inconsistent,general_concept
increase,general_concept
individual,general_concept
inert_knowledge,general_concept
inflation,general_concept
Informal,general_concept
information,general_concept
initial,general_concept
input,general_concept
input_modality,general_concept
inside,general_concept
insitu,general_concept
instance,general_concept
instant_places,general_concept
integration,general_concept
intelligence,general_concept
interaction,general_concept
interactive_display,general_concept
interest,general_concept
internal,general_concept
internalisation_concept,general_concept
internet,general_concept
interviewee,general_concept
intrinsic,general_concept
introduction,general_concept
intuitive,general_concept
inventive,general_concept
involve,general_concept
irreversible,general_concept
issue,general_concept
itunes,general_concept
jaycut,general_concept
jaycut_touchtable,general_concept
jisc,general_concept
job,general_concept
joke,general_concept
junction,general_concept
juxtalearn,general_concept
juxtalearn_distribute,general_concept
juxtalearn_learner,general_concept
juxtalearn_objective,general_concept
juxtalearn_risk,general_concept
juxtaposition,general_concept
keyboard,general_concept
khan_academy,general_concept
kind,general_concept
know,general_concept
knowledge,general_concept
laboratory,general_concept
language,general_concept
large,general_concept
lateral,general_concept
laughter,general_concept
law,general_concept
lead,general_concept
learning_analytics,general_concept
learn_community,general_concept
learn_environment,general_concept
learn_performance,general_concept
learn_process,general_concept
learn_resource_exchange,general_concept
learn_science,general_concept
learner,general_concept
learning,general_concept
learning_access_cultural_resources,general_concept
learning_needs,general_concept
learning_resource,general_concept
leave,general_concept
lecture,general_concept
lesson,general_concept
lesson_plan,general_concept
level,general_concept
library,general_concept
life,general_concept
link,general_concept
little,general_concept
live,general_concept
livescribe,general_concept
livescribe_paper,general_concept
lnu,general_concept
load,general_concept
localisation,general_concept
long,general_concept
look,general_concept
love,general_concept
loughing_out_loud,general_concept
low,general_concept
maintain,general_concept
man,general_concept
manipulation,general_concept
mash_up,general_concept
meaning,general_concept
mechanism,general_concept
media_analytic,general_concept
median,general_concept
medicine,general_concept
meeting,general_concept
mention,general_concept
metafora,general_concept
metaphor,general_concept
meter,general_concept
method,general_concept
microsoft,general_concept
mind,general_concept
minority,general_concept
minute,general_concept
miss,general_concept
mistake,general_concept
mixture,general_concept
mobile,general_concept
modality,general_concept
model,general_concept
mosaic,general_concept
motivation,general_concept
mouse,general_concept
move,general_concept
movie_maker,general_concept
multi_user,general_concept
multimedia,general_concept
multiple,general_concept
multitouch,general_concept
mupple,general_concept
museum,general_concept
music,general_concept
music_missed,general_concept
musical,general_concept
my_brain,general_concept
name,general_concept
nation,general_concept
need,general_concept
network,general_concept
network_analysis,general_concept
nice,general_concept
nightclub,general_concept
no_difference,general_concept
not_confusing,general_concept
not_facilitated,general_concept
not_inventive,general_concept
not_to_the_point,general_concept
note,general_concept
november,general_concept
novice,general_concept
nquire,general_concept
object,general_concept
observation,general_concept
october,general_concept
oer_commons,general_concept
office_suite,general_concept
oh_my_god,general_concept
offline,general_concept
online,general_concept
onion_skin,general_concept
opportunity_cost,general_concept
oppose,general_concept
opposite,general_concept
order,general_concept
output,general_concept
outside,general_concept
overlapping,general_concept
overview_form,general_concept
package,general_concept
pad,general_concept
paper,general_concept
paradigm_shift,general_concept
part,general_concept
participant,general_concept
participation,general_concept
passive,general_concept
pattern,general_concept
pause,general_concept
pay,general_concept
pay_attention,general_concept
pedagogic_element,general_concept
pedagogic_requirements,general_concept
pedagogy,general_concept
peer,general_concept
pen,general_concept
pencast,general_concept
people,general_concept
perception,general_concept
percolation_theory,general_concept
perfect,general_concept
perfect_for,general_concept
performance,general_concept
performance_enhancing_community,general_concept
performance_support,general_concept
personalisation,general_concept
perspective,general_concept
photo,general_concept
physics_teacher,general_concept
physiology,general_concept
pingpong_ball,general_concept
place,general_concept
plan,general_concept
plant,general_concept
plate,general_concept
platform,general_concept
play,general_concept
playback,general_concept
please,general_concept
plus,general_concept
pocket_pc,general_concept
point,general_concept
poor,general_concept
portugal,general_concept
position,general_concept
post,general_concept
post_link,general_concept
postgraduate,general_concept
poststructuralist,general_concept
practicals,general_concept
practice,general_concept
practice_questions,general_concept
praise,general_concept
precise,general_concept
precision_missed,general_concept
prefer,general_concept
preknowledge,general_concept
preparation,general_concept
presentation,general_concept
press,general_concept
pretty,general_concept
problem,general_concept
process,general_concept
production,general_concept
professional,general_concept
professor,general_concept
profile,general_concept
program,general_concept
progression,general_concept
project,general_concept
project_manager,general_concept
property,general_concept
proportion,general_concept
proposal,general_concept
public,general_concept
public_display,general_concept
public_space,general_concept
pure,general_concept
push,general_concept
quantity,general_concept
question,general_concept
quote,general_concept
raise,general_concept
random,general_concept
range,general_concept
ratio,general_concept
reach,general_concept
read,general_concept
read_book,general_concept
readymade,general_concept
reason,general_concept
recommendation,general_concept
recommender_system,general_concept
reconstitutive,general_concept
recorded_audio,general_concept
recorder,general_concept
record,general_concept
refining_plans,general_concept
reflection,general_concept
region,general_concept
relative,general_concept
relevant,general_concept
remain,general_concept
remain_constant,general_concept
remember,general_concept
renaissance,general_concept
repetition,general_concept
replace,general_concept
report,general_concept
repository,general_concept
represent_number,general_concept
representation,general_concept
retrospective,general_concept
review,general_concept
researcher,general_concept
review_goal,general_concept
resource,general_concept
rias,general_concept
right,general_concept
reverting,general_concept
rfid,general_concept
result,general_concept
risk,general_concept
ritual,general_concept
ritual_knowledge,general_concept
role_reversal,general_concept
role_reversal_lessons,general_concept
room,general_concept
rote_learning,general_concept
route,general_concept
root,general_concept
rule,general_concept
sal_khan,general_concept
sand,general_concept
save,general_concept
save_me,general_concept
Sawhney,general_concept
say,general_concept
scale,general_concept
scenario,general_concept
school,general_concept
school_public,general_concept
school_site,general_concept
schoolnet,general_concept
science,general_concept
science_teacher,general_concept
scientific_background,general_concept
scientific_concepts,general_concept
scientific_education,general_concept
scientific_method,general_concept
scientific_notation,general_concept
scientific_use,general_concept
screen,general_concept
screenshot,general_concept
screw,general_concept
search,general_concept
search_konstantino,general_concept
second,general_concept
see,general_concept
seek,general_concept
selection,general_concept
semantic,general_concept
semantic_analysis,general_concept
semester,general_concept
send,general_concept
sense,general_concept
senseless,general_concept
sensor,general_concept
separation,general_concept
september,general_concept
series,general_concept
session,general_concept
set,general_concept
setting,general_concept
shape,general_concept
sharing,general_concept
shift,general_concept
shit,general_concept
short,general_concept
show,general_concept
shrink,general_concept
siemens,general_concept
silly,general_concept
significance,general_concept
simple,general_concept
single,general_concept
situated_display,general_concept
situation,general_concept
size,general_concept
skill,general_concept
small,general_concept
slope,general_concept
social,general_concept
soaking,general_concept
social_anthropology,general_concept
social_media,general_concept
social_network,general_concept
social_network_analysis,general_concept
social_research_council ,general_concept
social_studies,general_concept
software,general_concept
sort,general_concept
sound,general_concept
sound_turn,general_concept
sound_wave,general_concept
source,general_concept
south_africa,general_concept
space,general_concept
spain ,general_concept
spare_time,general_concept
speak,general_concept
specialism,general_concept
specific,general_concept
specify,general_concept
spell,general_concept
spell_mistake,general_concept
sports,general_concept
spread,general_concept
sports,general_concept
sprite,general_concept
study,general_concept
square,general_concept
squeeze,general_concept
st_paul_catholic_school,general_concept
stable,general_concept
stack,general_concept
stage,general_concept
stakeholder,general_concept
stand,general_concept
standard,general_concept
standard_measure,general_concept
starch,general_concept
starting_point,general_concept
starting,general_concept
state,general_concept
stateoftheart,general_concept
statistics,general_concept
stem,general_concept
step,general_concept
stoicheometric_equasion,general_concept
stopping,general_concept
straight,general_concept
strategy,general_concept
stream,general_concept
striking,general_concept
strong,general_concept
stroke,general_concept
student,general_concept
study,general_concept
study_guide,general_concept
stumbling_block,general_concept
stuff,general_concept
stupid,general_concept
subject,general_concept
subscript,general_concept
substance,general_concept
substantiated,general_concept
suck,general_concept
sum,general_concept
support,general_concept
sustainability_science,general_concept
swear,general_concept
sweden,general_concept
switch,general_concept
swell,general_concept
symbol,general_concept
synchronous,general_concept
system,general_concept
table,general_concept
tablet,general_concept
tacit_knowledge,general_concept
tag,general_concept
talk,general_concept
tangible,general_concept
target,general_concept
task,general_concept
taxonomy,general_concept
teach,general_concept
teacher,general_concept
teacher_sucks,general_concept
technical,general_concept
technical_support,general_concept
technique,general_concept
technology,general_concept
technology_artefact,general_concept
teaching_learning_environment,general_concept
technology_enhanced_learning,general_concept
ted,general_concept
teleological_thinking,general_concept
teleology,general_concept
tell,general_concept
temperament,general_concept
ten_competence_project,general_concept
term,general_concept
terminal,general_concept
terminology,general_concept
test,general_concept
text,general_concept
text_missed,general_concept
textbook,general_concept
thanks,general_concept
theorem,general_concept
theory,general_concept
thevenins_theorem,general_concept
thick,general_concept
thing,general_concept
think,general_concept
thought,general_concept
threshold,general_concept
threshold_concept,general_concept
time,general_concept
timeconsuming,general_concept
to_the_point,general_concept
today,general_concept
token,general_concept
tomorrow,general_concept
too_explanatory,general_concept
too_fast,general_concept
too_long,general_concept
too_many_examples,general_concept
too_many_images,general_concept
too_much_code,general_concept
too_much_explanation,general_concept
too_much_text,general_concept
too_short,general_concept
too_slow,general_concept
too_theoretical,general_concept
tool,general_concept
top,general_concept
topic,general_concept
total,general_concept
total_number,general_concept
touchtable,general_concept
trace,general_concept
transcription,general_concept
transfer,general_concept
traveling,general_concept
trillion,general_concept
trouble,general_concept
troublesome_knowledge,general_concept
troublesome_language,general_concept
troublesome_topic,general_concept
troublesomeness,general_concept
true,general_concept
tube,general_concept
tuning_strings,general_concept
tuning_system,general_concept
turning,general_concept
tutor,general_concept
type,general_concept
u_rock,general_concept
ubiquitous,general_concept
ueda,general_concept
uminho,general_concept
uk,general_concept
unclear,general_concept
undergraduate,general_concept
undergraduate_course,general_concept
underpinning,general_concept
university,general_concept
unknown,general_concept
unlearned,general_concept
urjc,general_concept
usage,general_concept
usage_model,general_concept
upload,general_concept
uranus,general_concept
uranus,general_concept
urjc,general_concept
usage,general_concept
usage_model,general_concept
usb,general_concept
use,general_concept
useful,general_concept
user,general_concept
user_generated_content,general_concept
user_id,general_concept
very_nice,general_concept
video,general_concept
video_edit,general_concept
video_maker,general_concept
video_stream,general_concept
view,general_concept
viewport,general_concept
vision,general_concept
vocabulary,general_concept
voice,general_concept
voice_over_missed,general_concept
volume,general_concept
watch_video,general_concept
watchknowlearn,general_concept
watermelon,general_concept
online,general_concept
way,general_concept
web,general_concept
web_space,general_concept
web_technology,general_concept
website,general_concept
wednesday ,general_concept
week,general_concept
wiki,general_concept
wikipedia,general_concept
wireless,general_concept
window_movie,general_concept
wireless,general_concept
wish,general_concept
wlan,general_concept
wonder,general_concept
wonderful,general_concept
word,general_concept
work,general_concept
work_package,general_concept
workplace,general_concept
workshop,general_concept
workshop_format,general_concept
world,general_concept
worry,general_concept
dont_worry,general_concept
writing,general_concept
wrong,general_concept
yahoo,general_concept
yeah,general_concept
year_ago,general_concept
you_know,general_concept
you_are_awesome,general_concept
youtube,general_concept
connectivity,general_concept
degree,general_concept
empiricism,general_concept
gees,general_concept
literature,general_concept
european_schoolnet,general_concept
open_university,general_concept
anthrometric_thinking,general_concept
belief,general_concept
bias,general_concept
community_learning,general_concept
community_sustainability,general_concept
evaluation,general_concept
evidence,general_concept
feedback,general_concept
group,general_concept
informal_learning,general_concept
lost_confidence,general_concept
misconception,general_concept
personalised_concept_identification,general_concept
personalised_concepts,general_concept
personalised_learning,general_concept
rna,general_concept
result,general_concept
principIe_investigator,general_concept
behaviour,general_concept
bounce,general_concept
computer_support,general_concept
digital,general_concept
dissolving,general_concept
food,general_concept
form,general_concept
gland,general_concept
high,general_concept
loop,general_concept
pot,general_concept
radcliffe_school,general_concept
require,general_concept
research_associate,general_concept
resource,general_concept
route,general_concept
schema,general_concept
whiteboard,general_concept
clip_library,general_concept
community_portal,general_concept
community_wall,general_concept
desktop,general_concept
evolution_and_my_digital_life,general_concept
gui,domain_concept
icamp,general_concept
icma,general_concept
ict,general_concept
moodle,general_concept
open_mark,general_concept
opinionizer,general_concept
counterintuitive,general_concept
foreign,general_concept
liminality,general_concept
literal,general_concept
best,general_concept
best_teacher,general_concept
cant_teach,general_concept
excellent,general_concept
fuck,general_concept
great,general_concept
great_teacher,general_concept
great_video,general_concept
happy,general_concept
like,general_concept
like_him,general_concept
like_this,general_concept
like_you,general_concept
like_your,general_concept
delightful,general_concept
example_missed,general_concept
fun_missed,general_concept
highlight_characteristic,general_concept
like_topic,general_concept
likeable,general_concept
1023,domain_concept
1_gram,domain_concept
1_mole,domain_concept
12_gram,domain_concept
13_gram,domain_concept
12_mole,domain_concept
16_gram,domain_concept
16_x_1027kg,domain_concept
1mole,domain_concept
2_milligram,domain_concept
200_ohm,domain_concept
23_gram,domain_concept
300_ohm,domain_concept
32_gram,domain_concept
321_gram,domain_concept
3_joule,domain_concept
4_gram,domain_concept
56_gram,domain_concept
57_gram,domain_concept
6_neutron,domain_concept
6_x_1023,domain_concept
602_x_1023,domain_concept
6022_x_1022,domain_concept
absorption,domain_concept
ac,domain_concept
acceleration,domain_concept
acid,domain_concept
active_transport,domain_concept
air_resistance,domain_concept
algebra,domain_concept
algorithm,domain_concept
allele,domain_concept
aluminium,domain_concept
amino_acid,domain_concept
ammonia,domain_concept
amount,domain_concept
amount_of_atoms,domain_concept
amount_of_substance,domain_concept
amu,domain_concept
amu_weight,domain_concept
associated_calculations,domain_concept
atom,domain_concept
atom_surface,domain_concept
atom_weight,domain_concept
atomar_mass,domain_concept
atp,domain_concept
avogadro,domain_concept
avogadro_constant,domain_concept
avogadros_number,domain_concept
balance,domain_concept
balls_of_different_sizes ,domain_concept
base,domain_concept
biology,domain_concept
blood,domain_concept
blood_cell,domain_concept
bond,domain_concept
bump,domain_concept
calcium,domain_concept
calculate_mole,domain_concept
calculate_number,domain_concept
calculation,domain_concept
call,domain_concept
carbon,domain_concept
carbon_dioxide,domain_concept
carbon_trioxide,domain_concept
cell,domain_concept
cell_function,domain_concept
cell_membrane,domain_concept
cell_wall,domain_concept
charge,domain_concept
chemical_element,domain_concept
chemistry,domain_concept
chlorine,domain_concept
circuit,domain_concept
code,domain_concept
codon,domain_concept
computation,domain_concept
compound,domain_concept
computer,domain_concept
concentration,domain_concept
concentration_gradient,domain_concept
concentration_of_sugar,domain_concept
concentration_of_water,domain_concept
coulomb,domain_concept
current,domain_concept
current_flow,domain_concept
cutting_code,domain_concept
cytoplasm,domain_concept
darwinian_theory,domain_concept
data_mining,domain_concept
different_diseases,domain_concept
different_sizes,domain_concept
diffusion,domain_concept
dilute_solution,domain_concept
distance,domain_concept
dm,domain_concept
dna,domain_concept
dominant_alleles,domain_concept
electric,domain_concept
electric_field,domain_concept
electric_potential,domain_concept
electric_potential_difference,domain_concept
electric_potential_energy,domain_concept
electrical,domain_concept
electrical_potential,domain_concept
electrical_potential_difference,domain_concept
electrical_potential_energy,domain_concept
electricity,domain_concept
electromotive_force,domain_concept
electron,domain_concept
electron_charge,domain_concept
electron_volt,domain_concept
electrostatic_potential,domain_concept
electrostatic_potential_energy,domain_concept
element,domain_concept
elemental_form,domain_concept
empirical_formula,domain_concept
endocytosis,domain_concept
energy,domain_concept
energy_lose,domain_concept
energy_transfer,domain_concept
entity,domain_concept
enzyme,domain_concept
equation,domain_concept
equilibrium,domain_concept
field,domain_concept
field_strength,domain_concept
flow,domain_concept
flow_of_electrons,domain_concept
fluid,domain_concept
force,domain_concept
gas,domain_concept
gas_concentration,domain_concept
gas_law,domain_concept
gas_volume_concentration,domain_concept
gas_volume_calculation,domain_concept
gaseous_diffusion,domain_concept
general,general_concept
generator,domain_concept
genetic_code,domain_concept
genetic_drift,domain_concept
glucose,domain_concept
glucose_molecule,domain_concept
glucose_solution,domain_concept
gradient,domain_concept
grain,domain_concept
gram,domain_concept
gravitational_potential,domain_concept
gravity,domain_concept
hcl,domain_concept
heat_transfer,domain_concept
helium,domain_concept
helium_atom,domain_concept
hydrogen,domain_concept
hypertonic_solution,domain_concept
integral_calculus,domain_concept
ion,domain_concept
iron,domain_concept
iron_oxide,domain_concept
isotonic,domain_concept
isotope,domain_concept
iteration,domain_concept
joule,domain_concept
joule_per_coulomb,domain_concept
k2,domain_concept
kilogram,domain_concept
kinetic,domain_concept
kinetic_energy,domain_concept
lbs,domain_concept
light,domain_concept
light_bulb,domain_concept
lipid_layer,domain_concept
liquid,domain_concept
liter,domain_concept
lithium,domain_concept
low_concentration,domain_concept
macroscopic_scale,domain_concept
magnesium,domain_concept
magnitude,domain_concept
mass,domain_concept
mass_number,domain_concept
mass_unit,domain_concept
material,domain_concept
mathematics,domain_concept
measurement,domain_concept
mechanical,domain_concept
membrane,domain_concept
molar,domain_concept
molar_mass,domain_concept
molarity,domain_concept
molality,domain_concept
mole,domain_concept
mole_calculation,domain_concept
mole_element,domain_concept
mole_unit,domain_concept
molecular,domain_concept
molecular_formula,domain_concept
molecular_mass,domain_concept
molecular_weight,domain_concept
molecule,domain_concept
molecule_block,domain_concept
molecule_move,domain_concept
moles_triangle,domain_concept
movement,domain_concept
mrna,domain_concept
nacl,domain_concept
naoh,domain_concept
negative,domain_concept
neutral,domain_concept
neutron,domain_concept
newton,domain_concept
newtons_second,domain_concept
nitrate,domain_concept
nitrogen,domain_concept
not_facilitated,domain_concept
ntp,domain_concept
nuclear,domain_concept
nucleon,domain_concept
nucleus,domain_concept
number,domain_concept
number _of_protons,domain_concept
number_of_atom,domain_concept
number_of_guacamole,domain_concept
number_of_molecules,domain_concept
number_of_moles,domain_concept
number_of_particle,domain_concept
number_of_particles,domain_concept
number_of_protons,domain_concept
number_of_sodium_atoms,domain_concept
ohm_law,domain_concept
ohm_load,domain_concept
ontology,domain_concept
organic,domain_concept
organic_chemistry,domain_concept
osmosis,domain_concept
osmotic_pressure,domain_concept
oxygen,domain_concept
oxygen_weight,domain_concept
ozone,domain_concept
parent,domain_concept
particle,domain_concept
passive_transport,domain_concept
phagocytosis,domain_concept
phenylethylamine,domain_concept
phospholipids,domain_concept
phosphorus,domain_concept
physics,domain_concept
pinocytosis,domain_concept
plasma_membrane,domain_concept
plasmolysis,domain_concept
polar,domain_concept
polar_defence,domain_concept
polar_molecule,domain_concept
pore,domain_concept
positive,domain_concept
potential,domain_concept
potential_difference,domain_concept
potential_energy ,domain_concept
power,domain_concept
pressure,domain_concept
protein,domain_concept
protein_molecule,domain_concept
protein_synthesis,domain_concept
proton,domain_concept
quarter,general_concept
quicksilver_flash,domain_concept
reacting_masses,domain_concept
reaction,domain_concept
read_code,domain_concept
recessive_alleles,domain_concept
resistance,domain_concept
resistor,domain_concept
rna,domain_concept
salt,domain_concept
sample,domain_concept
side,domain_concept
silicon,domain_concept
sodium_chloride,domain_concept
sugar,domain_concept
sugar_molecule,domain_concept
sulfur,domain_concept
sulfur_atom,domain_concept
sulfuric_acid,domain_concept
unit,domain_concept
unit_of_measure ,domain_concept
vacuole,domain_concept
value,domain_concept
variable,domain_concept
ve,domain_concept
vector,domain_concept
velocity,domain_concept
volt,domain_concept
voltage,domain_concept
vt,domain_concept
water,domain_concept
water_concentration,domain_concept
water_inside,domain_concept
water_molecule,domain_concept
helpful,general_concept
understandable,general_concept
confusion,signal_concept
definition,signal_concept
difference,signal_concept
difference_between,signal_concept
do_understand,signal_concept
dont_understand,signal_concept
equal_to,signal_concept
example,signal_concept
explanation,signal_concept
for_example,signal_concept
help,signal_concept
help_needed,signal_concept
relation,signal_concept
understanding,signal_concept
